# Формат: B;id;isbn;title;year[;author]  |  R;id;fullName[;email]
B;B-001;978-966-03-1234-5;Кобзар;1840;Тарас Шевченко
R;R-001;Коваленко Ірина;iryna@example.com
B;B-002;978-617-12-5678-9;Тіні забутих предків;1912;Михайло Коцюбинський
R;R-002;Петренко Тарас
B;B-003;978-966-97-1111-2;Лісова пісня;1911
R;R-003;Мельник Оксана;oksana@example.com
B;B-004;978-966-97-2222-3;Місто;1928;Валер'ян Підмогильний
b;B-005;978-617-12-3333-4;Собор;1968;Олесь Гончар
R;R-004;Бондаренко Андрій;
W;WH-1;Центральний склад;Львів
R;R-005;;nobody@example.com
R;R-006;Шевчук Марта;marta-at-example.com
B;B-006;978-966-03-4444-5;Захар Беркут;абракадабра;Іван Франко
B;B-007;978-617-12-9999-0;Марія
